{"epoch": 1, "train_loss": 0.7809500580722817, "val_loss": 0.7116856677593879, "train_acc": 0.49870501236390913, "val_acc": 0.49997656213378333, "train_auc": 0.4987410781679949, "val_auc": 0.5042240323998876, "val_f1": 0.6666458326822713, "lr": 0.0002926829491861254, "time": "2025-06-02 18:15:07"}
